"rt","response","target_word","correct_choice_idx","correct","task","preceding_condition","subject","comparison_id","condition_1_shown","condition_2_shown","chosen_as_longer","condition_shown","correct_guess"
"600.1","2","BLAU","2","true","reaction_time_measurement","bar_irregular","VP_1787282592482","","","","","",""
"831.3999999998808","0","ROT","0","true","reaction_time_measurement","bar_regular","VP_1787282592482","","","","","",""
"822.2","3","GRÜN","3","true","reaction_time_measurement","bar_irregular","VP_1787282592482","","","","","",""
"675.2999999998483","2","BLAU","2","true","reaction_time_measurement","bar_regular","VP_1787282592482","","","","","",""
"692.9000000002721","0","ROT","0","true","reaction_time_measurement","countdown_irregular","VP_1787282592482","","","","","",""
"732.9000000002987","0","ROT","0","true","reaction_time_measurement","countdown_regular","VP_1787282592482","","","","","",""
"992.2","2","BLAU","2","true","reaction_time_measurement","countdown_regular","VP_1787282592482","","","","","",""
"475.4","3","GRÜN","3","true","reaction_time_measurement","countdown_irregular","VP_1787282592482","","","","","",""
"1433","0","","","","direct_comparison","","VP_1787282592482","compare_countdowns","countdown_regular","countdown_irregular","countdown_regular","",""
"3809","1","","","","direct_comparison","","VP_1787282592482","compare_irregular_formats","countdown_irregular","bar_irregular","bar_irregular","",""
"2286","1","","","","direct_comparison","","VP_1787282592482","compare_cd_irreg_vs_bar_reg","bar_regular","countdown_irregular","countdown_irregular","",""
"5580","1","","","","direct_comparison","","VP_1787282592482","compare_cd_reg_vs_bar_irreg","countdown_regular","bar_irregular","bar_irregular","",""
"2106","0","","","","direct_comparison","","VP_1787282592482","compare_bars","bar_irregular","bar_regular","bar_irregular","",""
"1760","0","","","","classification","","VP_1787282592482","","","","","countdown_regular","true"
"516","1","","","","classification","","VP_1787282592482","","","","","countdown_irregular","true"
"721","0","","","","classification","","VP_1787282592482","","","","","bar_regular","true"
"4505","0","","","","classification","","VP_1787282592482","","","","","bar_irregular","false"
"438","0","","","","classification","","VP_1787282592482","","","","","bar_irregular","false"
"1255","0","","","","classification","","VP_1787282592482","","","","","countdown_regular","true"
"598","1","","","","classification","","VP_1787282592482","","","","","countdown_irregular","true"
"526","0","","","","classification","","VP_1787282592482","","","","","bar_regular","true"
